{
  "i18n/i18n_zh.properties": 1646751422469,
  "i18n/i18n_zf.properties": 1646751422469,
  "i18n/i18n_zh_TW.properties": 1646751422469,
  "i18n/i18n.properties": 1646751422469,
  "utils/CommonUtil.js": 1646751422506,
  "utils/RestCallUtils.js": 1646751422522,
  "utils/Constants.js": 1646751422506,
  "manifest.json": 1661275685533,
  "utils/AppUtil.js": 1654586441596,
  "model/models.js": 1646751422506,
  "model/formatter.js": 1646751422506,
  "controller/UnAuthorized.controller.js": 1646751422469,
  "controller/NotFound.controller.js": 1646751422454,
  "controller/MyDocuments.controller.js": 1654586441585,
  "controller/ListSelector.js": 1646751422454,
  "controller/Home.controller.js": 1646751422454,
  "controller/ErrorHandler.js": 1646751422454,
  "controller/EmployeeDocuments.controller.js": 1654586441580,
  "controller/DetailObjectNotFound.js": 1646751422454,
  "controller/DetailObjectNotFound.controller.js": 1646751422454,
  "controller/Detail.controller.js": 1654586441574,
  "controller/BaseController.js": 1646751422438,
  "controller/App.controller.js": 1654586441567,
  "Component.js": 1646751422438,
  "manifest-bundle.zip": 1661275685711,
  "Component-preload.js": 1661275686939,
  "Component-dbg.js": 1646751422438,
  "utils/Constants-dbg.js": 1646751422506,
  "utils/CommonUtil-dbg.js": 1646751422506,
  "utils/AppUtil-dbg.js": 1654586441596,
  "model/models-dbg.js": 1646751422506,
  "model/formatter-dbg.js": 1646751422506,
  "controller/UnAuthorized-dbg.controller.js": 1646751422469,
  "controller/NotFound-dbg.controller.js": 1646751422454,
  "controller/MyDocuments-dbg.controller.js": 1654586441585,
  "controller/ListSelector-dbg.js": 1646751422454,
  "controller/Home-dbg.controller.js": 1646751422454,
  "controller/ErrorHandler-dbg.js": 1646751422454,
  "controller/EmployeeDocuments-dbg.controller.js": 1654586441580,
  "controller/DetailObjectNotFound-dbg.js": 1646751422454,
  "controller/DetailObjectNotFound-dbg.controller.js": 1646751422454,
  "controller/Detail-dbg.controller.js": 1654586441574,
  "controller/BaseController-dbg.js": 1646751422438,
  "controller/App-dbg.controller.js": 1654586441567,
  "utils/RestCallUtils-dbg.js": 1646751422522,
  "view/fragments/ViewSettingsDialog.fragment.xml": 1646751422553,
  "view/fragments/UserMenu.fragment.xml": 1646751422538,
  "view/fragments/HRViewFilter.fragment.xml": 1646751422538,
  "view/fragments/EmpViewFilter.fragment.xml": 1646751422538,
  "view/fragments/DocumentsList.fragment.xml": 1646751422538,
  "view/UnAuthorized.view.xml": 1646751422538,
  "view/NotFound.view.xml": 1646751422538,
  "view/MyDocuments.view.xml": 1646751422522,
  "view/Home.view.xml": 1646751422522,
  "view/EmployeeDocuments.view.xml": 1646751422522,
  "view/DetailObjectNotFound.view.xml": 1646751422522,
  "view/Detail.view.xml": 1646751422522,
  "view/App.view.xml": 1646751422522,
  "img/Employee_Docs.png": 1646751422485,
  "css/style.css": 1646751422469,
  "index.html": 1654586441590
}