{
  "welcomeFile": "index.html",  
  "authenticationMethod": "route",  
  "routes": [      
    {
      "source": "^/odata/.*",      
      "authenticationType": "xsuaa",
      "destination": "SCB-Destination-DBSrv",
      "csrfProtection":false
    },        
    {
      "source": "^/api/.*",      
      "authenticationType": "xsuaa",      
      "destination": "SCB-Destination-RestSrv",
      "csrfProtection":false
    },           
    {
      "source": "^/(.*)",
      "target": "$1",      
      "localDir": "webapp",
      "authenticationType": "xsuaa"
    }
  ]
}
