<edmx:Edmx xmlns:edmx="http://docs.oasis-open.org/odata/ns/edmx" Version="4.0">
    <edmx:Reference Uri="https://oasis-tcs.github.io/odata-vocabularies/vocabularies/Org.OData.Capabilities.V1.xml">
        <edmx:Include Namespace="Org.OData.Capabilities.V1" Alias="Capabilities"/>
    </edmx:Reference>
    <edmx:Reference Uri="https://sap.github.io/odata-vocabularies/vocabularies/Common.xml">
        <edmx:Include Namespace="com.sap.vocabularies.Common.v1" Alias="Common"/>
    </edmx:Reference>
    <edmx:Reference Uri="https://oasis-tcs.github.io/odata-vocabularies/vocabularies/Org.OData.Core.V1.xml">
        <edmx:Include Namespace="Org.OData.Core.V1" Alias="Core"/>
    </edmx:Reference>
    <edmx:Reference Uri="https://sap.github.io/odata-vocabularies/vocabularies/UI.xml">
        <edmx:Include Namespace="com.sap.vocabularies.UI.v1" Alias="UI"/>
    </edmx:Reference>
    <edmx:DataServices>
        <Schema xmlns="http://docs.oasis-open.org/odata/ns/edm" Namespace="SCBConfigurationDataSrv">
            <EntityType Name="DocumentTypes">
                <Key>
                    <PropertyRef Name="docTypeCode"/>
                </Key>
                <Property Name="docTypeCode" Type="Edm.String" Nullable="false" MaxLength="20"/>
                <Property Name="docTypeDescr" Type="Edm.String" MaxLength="100"/>
            </EntityType>
            <EntityType Name="RoleMappings">
                <Key>
                    <PropertyRef Name="btpRole"/>
                    <PropertyRef Name="sfsfRole"/>
                </Key>
                <Property Name="createdAt" Type="Edm.DateTimeOffset" Precision="7"/>
                <Property Name="createdBy" Type="Edm.String" MaxLength="255"/>
                <Property Name="modifiedAt" Type="Edm.DateTimeOffset" Precision="7"/>
                <Property Name="modifiedBy" Type="Edm.String" MaxLength="255"/>
                <Property Name="btpRole" Type="Edm.String" Nullable="false" MaxLength="50"/>
                <Property Name="sfsfRole" Type="Edm.String" Nullable="false" MaxLength="50"/>
            </EntityType>
            <EntityType Name="SCBConfigurations">
                <Key>
                    <PropertyRef Name="category"/>
                    <PropertyRef Name="categoryKey"/>
                </Key>
                <Property Name="category" Type="Edm.String" Nullable="false" MaxLength="100"/>
                <Property Name="categoryKey" Type="Edm.String" Nullable="false" MaxLength="100"/>
                <Property Name="startValue" Type="Edm.String" MaxLength="500"/>
                <Property Name="endValue" Type="Edm.String" MaxLength="500"/>
                <Property Name="startDate" Type="Edm.Date"/>
                <Property Name="endDate" Type="Edm.Date"/>
                <Property Name="startTime" Type="Edm.TimeOfDay"/>
                <Property Name="endTime" Type="Edm.TimeOfDay"/>
                <Property Name="active" Type="Edm.Boolean"/>
            </EntityType>
            <EntityContainer Name="EntityContainer">
                <EntitySet Name="DocumentTypes" EntityType="SCBConfigurationDataSrv.DocumentTypes"/>
                <EntitySet Name="RoleMappings" EntityType="SCBConfigurationDataSrv.RoleMappings"/>
                <EntitySet Name="SCBConfigurations" EntityType="SCBConfigurationDataSrv.SCBConfigurations"/>
            </EntityContainer>
            <Annotations Target="SCBConfigurationDataSrv.DocumentTypes">
                <Annotation Term="Capabilities.UpdateRestrictions">
                    <Record Type="Capabilities.UpdateRestrictionsType">
                        <PropertyValue Property="Updatable">
                            <Bool>false</Bool>
                        </PropertyValue>
                    </Record>
                </Annotation>
                <Annotation Term="Capabilities.InsertRestrictions">
                    <Record Type="Capabilities.InsertRestrictionsType">
                        <PropertyValue Property="Insertable">
                            <Bool>false</Bool>
                        </PropertyValue>
                    </Record>
                </Annotation>
                <Annotation Term="Capabilities.DeleteRestrictions">
                    <Record Type="Capabilities.DeleteRestrictionsType">
                        <PropertyValue Property="Deletable">
                            <Bool>false</Bool>
                        </PropertyValue>
                    </Record>
                </Annotation>
            </Annotations>
            <Annotations Target="SCBConfigurationDataSrv.EntityContainer/DocumentTypes">
                <Annotation Term="Capabilities.UpdateRestrictions">
                    <Record Type="Capabilities.UpdateRestrictionsType">
                        <PropertyValue Property="Updatable">
                            <Bool>false</Bool>
                        </PropertyValue>
                    </Record>
                </Annotation>
                <Annotation Term="Capabilities.InsertRestrictions">
                    <Record Type="Capabilities.InsertRestrictionsType">
                        <PropertyValue Property="Insertable">
                            <Bool>false</Bool>
                        </PropertyValue>
                    </Record>
                </Annotation>
                <Annotation Term="Capabilities.DeleteRestrictions">
                    <Record Type="Capabilities.DeleteRestrictionsType">
                        <PropertyValue Property="Deletable">
                            <Bool>false</Bool>
                        </PropertyValue>
                    </Record>
                </Annotation>
            </Annotations>
            <Annotations Target="SCBConfigurationDataSrv.RoleMappings">
                <Annotation Term="Capabilities.UpdateRestrictions">
                    <Record Type="Capabilities.UpdateRestrictionsType">
                        <PropertyValue Property="Updatable">
                            <Bool>false</Bool>
                        </PropertyValue>
                    </Record>
                </Annotation>
                <Annotation Term="Capabilities.InsertRestrictions">
                    <Record Type="Capabilities.InsertRestrictionsType">
                        <PropertyValue Property="Insertable">
                            <Bool>false</Bool>
                        </PropertyValue>
                    </Record>
                </Annotation>
                <Annotation Term="Capabilities.DeleteRestrictions">
                    <Record Type="Capabilities.DeleteRestrictionsType">
                        <PropertyValue Property="Deletable">
                            <Bool>false</Bool>
                        </PropertyValue>
                    </Record>
                </Annotation>
            </Annotations>
            <Annotations Target="SCBConfigurationDataSrv.EntityContainer/RoleMappings">
                <Annotation Term="Capabilities.UpdateRestrictions">
                    <Record Type="Capabilities.UpdateRestrictionsType">
                        <PropertyValue Property="Updatable">
                            <Bool>false</Bool>
                        </PropertyValue>
                    </Record>
                </Annotation>
                <Annotation Term="Capabilities.InsertRestrictions">
                    <Record Type="Capabilities.InsertRestrictionsType">
                        <PropertyValue Property="Insertable">
                            <Bool>false</Bool>
                        </PropertyValue>
                    </Record>
                </Annotation>
                <Annotation Term="Capabilities.DeleteRestrictions">
                    <Record Type="Capabilities.DeleteRestrictionsType">
                        <PropertyValue Property="Deletable">
                            <Bool>false</Bool>
                        </PropertyValue>
                    </Record>
                </Annotation>
            </Annotations>
            <Annotations Target="SCBConfigurationDataSrv.RoleMappings/createdAt">
                <Annotation Term="UI.HiddenFilter">
                    <Bool>true</Bool>
                </Annotation>
                <Annotation Term="Core.Immutable">
                    <Bool>true</Bool>
                </Annotation>
                <Annotation Term="Core.Computed">
                    <Bool>true</Bool>
                </Annotation>
                <Annotation Term="Common.Label">
                    <String>Created On</String>
                </Annotation>
            </Annotations>
            <Annotations Target="SCBConfigurationDataSrv.RoleMappings/createdBy">
                <Annotation Term="UI.HiddenFilter">
                    <Bool>true</Bool>
                </Annotation>
                <Annotation Term="Core.Immutable">
                    <Bool>true</Bool>
                </Annotation>
                <Annotation Term="Core.Computed">
                    <Bool>true</Bool>
                </Annotation>
                <Annotation Term="Core.Description">
                    <String>User's unique ID</String>
                </Annotation>
                <Annotation Term="Common.Label">
                    <String>Created By</String>
                </Annotation>
            </Annotations>
            <Annotations Target="SCBConfigurationDataSrv.RoleMappings/modifiedAt">
                <Annotation Term="UI.HiddenFilter">
                    <Bool>true</Bool>
                </Annotation>
                <Annotation Term="Core.Computed">
                    <Bool>true</Bool>
                </Annotation>
                <Annotation Term="Common.Label">
                    <String>Changed On</String>
                </Annotation>
            </Annotations>
            <Annotations Target="SCBConfigurationDataSrv.RoleMappings/modifiedBy">
                <Annotation Term="UI.HiddenFilter">
                    <Bool>true</Bool>
                </Annotation>
                <Annotation Term="Core.Computed">
                    <Bool>true</Bool>
                </Annotation>
                <Annotation Term="Core.Description">
                    <String>User's unique ID</String>
                </Annotation>
                <Annotation Term="Common.Label">
                    <String>Changed By</String>
                </Annotation>
            </Annotations>
            <Annotations Target="SCBConfigurationDataSrv.SCBConfigurations">
                <Annotation Term="Capabilities.UpdateRestrictions">
                    <Record Type="Capabilities.UpdateRestrictionsType">
                        <PropertyValue Property="Updatable">
                            <Bool>false</Bool>
                        </PropertyValue>
                    </Record>
                </Annotation>
                <Annotation Term="Capabilities.InsertRestrictions">
                    <Record Type="Capabilities.InsertRestrictionsType">
                        <PropertyValue Property="Insertable">
                            <Bool>false</Bool>
                        </PropertyValue>
                    </Record>
                </Annotation>
                <Annotation Term="Capabilities.DeleteRestrictions">
                    <Record Type="Capabilities.DeleteRestrictionsType">
                        <PropertyValue Property="Deletable">
                            <Bool>false</Bool>
                        </PropertyValue>
                    </Record>
                </Annotation>
            </Annotations>
            <Annotations Target="SCBConfigurationDataSrv.EntityContainer/SCBConfigurations">
                <Annotation Term="Capabilities.UpdateRestrictions">
                    <Record Type="Capabilities.UpdateRestrictionsType">
                        <PropertyValue Property="Updatable">
                            <Bool>false</Bool>
                        </PropertyValue>
                    </Record>
                </Annotation>
                <Annotation Term="Capabilities.InsertRestrictions">
                    <Record Type="Capabilities.InsertRestrictionsType">
                        <PropertyValue Property="Insertable">
                            <Bool>false</Bool>
                        </PropertyValue>
                    </Record>
                </Annotation>
                <Annotation Term="Capabilities.DeleteRestrictions">
                    <Record Type="Capabilities.DeleteRestrictionsType">
                        <PropertyValue Property="Deletable">
                            <Bool>false</Bool>
                        </PropertyValue>
                    </Record>
                </Annotation>
            </Annotations>
        </Schema>
    </edmx:DataServices>
</edmx:Edmx>