{
  "model/formatter.js": 1646751531360,
  "controller/NotFound.controller.js": 1646751531329,
  "utils/RestCallUtils.js": 1646751531376,
  "utils/Constants.js": 1661018030941,
  "utils/AppUtil.js": 1661018030940,
  "model/models.js": 1646751531360,
  "i18n/i18n.properties": 1656567913130,
  "controller/Upload.controller.js": 1661018030937,
  "controller/UnAuthorized.controller.js": 1646751531329,
  "manifest.json": 1661275832857,
  "controller/Home.controller.js": 1646751531329,
  "controller/ErrorHandler.js": 1646751531329,
  "controller/BatchList.controller.js": 1658150331393,
  "controller/BatchDetail.controller.js": 1646751531329,
  "controller/BaseController.js": 1646751531329,
  "controller/App.controller.js": 1661018030933,
  "Component.js": 1646751531329,
  "manifest-bundle.zip": 1661275833047,
  "Component-preload.js": 1661275834080,
  "controller/NotFound-dbg.controller.js": 1646751531329,
  "utils/Constants-dbg.js": 1661018030941,
  "utils/AppUtil-dbg.js": 1661018030940,
  "model/models-dbg.js": 1646751531360,
  "model/formatter-dbg.js": 1646751531360,
  "controller/Upload-dbg.controller.js": 1661018030937,
  "controller/UnAuthorized-dbg.controller.js": 1646751531329,
  "utils/RestCallUtils-dbg.js": 1646751531376,
  "controller/Home-dbg.controller.js": 1646751531329,
  "controller/ErrorHandler-dbg.js": 1646751531329,
  "controller/BatchList-dbg.controller.js": 1658150331393,
  "controller/BatchDetail-dbg.controller.js": 1646751531329,
  "controller/BaseController-dbg.js": 1646751531329,
  "controller/App-dbg.controller.js": 1661018030933,
  "Component-dbg.js": 1646751531329,
  "view/fragments/WarningMsgPopover.fragment.xml": 1646751531410,
  "view/fragments/UploadFields.fragment.xml": 1661018030944,
  "view/fragments/FileFilterDialog.fragment.xml": 1646751531408,
  "view/fragments/BatchFilter.fragment.xml": 1646751531406,
  "view/Upload.view.xml": 1646751531405,
  "view/UnAuthorized.view.xml": 1646751531403,
  "view/ObjectNotFound.view.xml": 1646751531403,
  "view/NotFound.view.xml": 1646751531402,
  "view/Home.view.xml": 1646751531401,
  "view/BatchList.view.xml": 1646751531399,
  "view/BatchDetail.view.xml": 1654537151077,
  "view/App.view.xml": 1646751531392,
  "img/Upload_Docs.png": 1646751531345,
  "css/style.css": 1646751531345,
  "test.html": 1646751531360,
  "index.html": 1654537151072
}