[
    {
        "ID": 5393,
        "Name": "Payslip",
        "__metadata": {
            "uri": "/Categories(5393)",
            "type": "ODataDemo.Category"
        }
    },
    {
        "ID": 4076,
        "Name": "Form 16",
        "__metadata": {
            "uri": "/Categories(4076)",
            "type": "ODataDemo.Category"
        }
    },
    {
        "ID": 2192,
        "Name": "PF Form",
        "__metadata": {
            "uri": "/Categories(2192)",
            "type": "ODataDemo.Category"
        }
    }
]