[
    {
        "ID": 7559,
        "Name": "India",
        "__metadata": {
            "uri": "/Countries(7559)",
            "type": "ODataDemo.Country"
        }
    },
    {
        "ID": 5074,
        "Name": "Canada",
        "__metadata": {
            "uri": "/Countries(5074)",
            "type": "ODataDemo.Country"
        }
    },
    {
        "ID": 4226,
        "Name": "Australia",
        "__metadata": {
            "uri": "/Countries(4226)",
            "type": "ODataDemo.Country"
        }
    },
    {
        "ID": 7346,
        "Name": "UK",
        "__metadata": {
            "uri": "/Countries(7346)",
            "type": "ODataDemo.Country"
        }
    },
    {
        "ID": 9914,
        "Name": "USA",
        "__metadata": {
            "uri": "/Countries(9914)",
            "type": "ODataDemo.Country"
        }
    }
]