[
    {
        "ID": 5582,
        "Name": "Adam James",
        "__metadata": {
            "uri": "/Employees(5582)",
            "type": "ODataDemo.Employee"
        }
    },
    {
        "ID": 9889,
        "Name": "Markeith Poteat",
        "__metadata": {
            "uri": "/Employees(9889)",
            "type": "ODataDemo.Employee"
        }
    },
    {
        "ID": 2209,
        "Name": "Tim Json",
        "__metadata": {
            "uri": "/Employees(2209)",
            "type": "ODataDemo.Employee"
        }
    },
    {
        "ID": 9106,
        "Name": "Stuart Binny",
        "__metadata": {
            "uri": "/Employees(9106)",
            "type": "ODataDemo.Employee"
        }
    },
    {
        "ID": 5632,
        "Name": "Michel Clark",
        "__metadata": {
            "uri": "/Employees(5632)",
            "type": "ODataDemo.Employee"
        }
    }
]