[
    {
        "ID": 9,
        "Name": "Jan 2021",
        "Description": "Description 1",
        "EmpName":"Markeith Poteat",
        "Country":"India",
        "Date": "/Date(1609913587810)/",
        "__metadata": {
            "uri": "/Payslips(9)",
            "type": "ODataDemo.Payslip"
        }
    },
    {
        "ID": 416,
        "Name": "Feb 2021",
        "Description": "Description 2",
        "EmpName":"Markeith Poteat",
        "Country":"India",
        "Date": "/Date(1612591894152)/",
        "__metadata": {
            "uri": "/Payslips(416)",
            "type": "ODataDemo.Payslip"
        }
    },
    {
        "ID": 6671,
        "Name": "Mar 2021",
        "Description": "Description 3",
        "EmpName":"Adam James",
        "Country":"India",
        "Date": "/Date(1615011108983)/",
        "__metadata": {
            "uri": "/Payslips(6671)",
            "type": "ODataDemo.Payslip"
        }
    },
    {
        "ID": 2613,
        "Name": "Apr 2021",
        "Description": "Description 4",
        "EmpName":"Stuart Binny",
        "Country":"India",
        "Date": "/Date(1617689618895)/",
        "__metadata": {
            "uri": "/Payslips(2613)",
            "type": "ODataDemo.Payslip"
        }
    },
    {
        "ID": 7960,
        "Name": "May 2021",
        "Description": "Description 5",
        "EmpName":"Stuart Binny",
        "Country":"India",
        "Date": "/Date(1620281632618)/",
        "__metadata": {
            "uri": "/Payslips(7960)",
            "type": "ODataDemo.Payslip"
        }
    }
]