<edmx:Edmx xmlns:edmx="http://schemas.microsoft.com/ado/2007/06/edmx" Version="1.0">
    <edmx:DataServices xmlns:m="http://schemas.microsoft.com/ado/2007/08/dataservices/metadata" m:DataServiceVersion="1.0">
        <Schema xmlns:d="http://schemas.microsoft.com/ado/2007/08/dataservices" xmlns:m="http://schemas.microsoft.com/ado/2007/08/dataservices/metadata" xmlns="http://schemas.microsoft.com/ado/2007/05/edm" Namespace="ODataDemo">
            <EntityType Name="Payslip">
                <Key>
                    <PropertyRef Name="ID"/>
                </Key>
                <Property Name="ID" Type="Edm.Int32" Nullable="false"/>
                <Property Name="Name" Type="Edm.String" Nullable="true"/>
                <Property Name="EmpName" Type="Edm.String" Nullable="true"/>
                <Property Name="Country" Type="Edm.String" Nullable="true"/>
                <Property Name="Description" Type="Edm.String" Nullable="true"/>
                <Property Name="Date" Type="Edm.DateTime" Nullable="false"/>
            </EntityType>
            <EntityType Name="Category">
                <Key>
                    <PropertyRef Name="ID"/>
                </Key>
                <Property Name="ID" Type="Edm.Int32" Nullable="false"/>
                <Property Name="Name" Type="Edm.String" Nullable="true"/>
            </EntityType>
            <EntityType Name="Country">
                <Key>
                    <PropertyRef Name="ID"/>
                </Key>
                <Property Name="ID" Type="Edm.Int32" Nullable="false"/>
                <Property Name="Name" Type="Edm.String" Nullable="true"/>
            </EntityType>
            <EntityType Name="Employee">
                <Key>
                    <PropertyRef Name="ID"/>
                </Key>
                <Property Name="ID" Type="Edm.Int32" Nullable="false"/>
                <Property Name="Name" Type="Edm.String" Nullable="true"/>
            </EntityType>
            <EntityType Name="Batches">
                <Key>
                    <PropertyRef Name="ID"/>
                </Key>
                <Property Name="ID" Type="Edm.Guid" Nullable="false"/>
                <Property Name="createdAt" Type="Edm.DateTimeOffset" Precision="7"/>
                <Property Name="createdBy" Type="Edm.String" MaxLength="255"/>
                <Property Name="modifiedAt" Type="Edm.DateTimeOffset" Precision="7"/>
                <Property Name="modifiedBy" Type="Edm.String" MaxLength="255"/>
                <Property Name="batchName" Type="Edm.String" MaxLength="100"/>
                <Property Name="batchSize" Type="Edm.Decimal" Scale="variable"/>
                <Property Name="status" Type="Edm.String" MaxLength="50"/>
                <NavigationProperty Name="files" Type="Collection(SCBDocUploadDataSrv.Files)" Partner="batch">
                    <OnDelete Action="Cascade"/>
                </NavigationProperty>
            </EntityType>
            <EntityType Name="Files">
                <Key>
                    <PropertyRef Name="ID"/>
                </Key>
                <Property Name="ID" Type="Edm.Guid" Nullable="false"/>
                <Property Name="createdAt" Type="Edm.DateTimeOffset" Precision="7"/>
                <Property Name="createdBy" Type="Edm.String" MaxLength="255"/>
                <Property Name="modifiedAt" Type="Edm.DateTimeOffset" Precision="7"/>
                <Property Name="modifiedBy" Type="Edm.String" MaxLength="255"/>
                <Property Name="batch_ID" Type="Edm.Guid"/>
                <Property Name="fileName" Type="Edm.String" MaxLength="100"/>
                <Property Name="fileSize" Type="Edm.Decimal" Scale="variable"/>
                <Property Name="SFTPStatus" Type="Edm.Boolean"/>
                <Property Name="HRGWStatus" Type="Edm.Boolean"/>
                <Property Name="FilenetStatus" Type="Edm.Boolean"/>
                <NavigationProperty Name="batch" Type="SCBDocUploadDataSrv.Batches" Partner="files">
                    <ReferentialConstraint Property="batch_ID" ReferencedProperty="ID"/>
                </NavigationProperty>
            </EntityType>            
            <EntityContainer Name="DemoService" m:IsDefaultEntityContainer="true">
                <EntitySet Name="Payslips" EntityType="ODataDemo.Payslip"/>
                <EntitySet Name="Batches" EntityType="ODataDemo.Batch"/>
                <EntitySet Name="BatchDetails" EntityType="ODataDemo.Payslip"/>
                <EntitySet Name="Employees" EntityType="ODataDemo.Employee"/>
                <EntitySet Name="Categories" EntityType="ODataDemo.Category"/>
                <EntitySet Name="Countries" EntityType="ODataDemo.Country"/>
                <EntitySet Name="Batches" EntityType="SCBDocUploadDataSrv.Batches">
                    <NavigationPropertyBinding Path="files" Target="Files"/>
                </EntitySet>
                <EntitySet Name="Files" EntityType="SCBDocUploadDataSrv.Files">
                    <NavigationPropertyBinding Path="batch" Target="Batches"/>
                </EntitySet>
            </EntityContainer>
        </Schema>
    </edmx:DataServices>
</edmx:Edmx>